name,cost,brand,url,image,shape
,,,,,
,,,,,
,,,,,
,,,,,
,,,,,
,,,,,
모아이 3034 로즈골드,문의,모아이,https://www.top50glasses.com/shop/goods/store.php?category=10&pc=Moeye_3034_RoseGold,img5.jpg,round
어서 202 와인,115000,어서,https://www.top50glasses.com/shop/goods/store.php?category=10&pc=Eosseo_202_wn,img6.jpg,round
어서 202 브라운,115000,어서,https://www.top50glasses.com/shop/goods/store.php?category=10&pc=Eosseo_202_br,img7.jpg,round
어서 202 블랙,115000,어서,https://www.top50glasses.com/shop/goods/store.php?category=10&pc=Eosseo_202_bk,img8.jpg,round
어서 201 네이비,115000,어서,https://www.top50glasses.com/shop/goods/store.php?category=10&pc=Eosseo_201_ny,img9.jpg,square
,,,,,
어서 201 브라운,115000,어서,https://www.top50glasses.com/shop/goods/store.php?category=10&pc=Eosseo_201_br,img11.jpg,square
어서 201 블랙,115000,어서,https://www.top50glasses.com/shop/goods/store.php?category=10&pc=Eosseo_201_bk,img12.jpg,square
어서 102 그레이,115000,어서,https://www.top50glasses.com/shop/goods/store.php?category=10&pc=Eosseo_102_gr,img13.jpg,square
어서 102 브라운,115000,어서,https://www.top50glasses.com/shop/goods/store.php?category=10&pc=Eosseo_102_br,img14.jpg,square
어서 102 블랙,115000,어서,https://www.top50glasses.com/shop/goods/store.php?category=10&pc=Eosseo_102_bk,img15.jpg,square
어서 101 그레이,115000,어서,https://www.top50glasses.com/shop/goods/store.php?category=10&pc=Eosseo_101_gr,img16.jpg,round
어서 101 브라운,115000,어서,https://www.top50glasses.com/shop/goods/store.php?category=10&pc=Eosseo_101_br,img17.jpg,round
어서 101 블랙,115000,어서,https://www.top50glasses.com/shop/goods/store.php?category=10&pc=Eosseo_101_bk,img18.jpg,round
투다 30 C8,19000,투다,https://www.top50glasses.com/shop/goods/store.php?category=10&pc=Todar_30_C8,img19.jpg,round
,,,,,
,,,,,
,,,,,
,,,,,
,,,,,
투다 30 C1,19000,투다,https://www.top50glasses.com/shop/goods/store.php?category=10&pc=Todar_30_C1,img25.jpg,round
,,,,,
투다 28 C7,19000,투다,https://www.top50glasses.com/shop/goods/store.php?category=10&pc=Todar_28_C7,img27.jpg,round
,,,,,
,,,,,
,,,,,
,,,,,
,,,,,
,,,,,
,,,,,
투다 27 C5,19000,투다,https://www.top50glasses.com/shop/goods/store.php?category=10&pc=Todar_27_C5,img35.jpg,round
,,,,,
,,,,,
,,,,,
투다 26 C8,19000,투다,https://www.top50glasses.com/shop/goods/store.php?category=10&pc=Todar_26_C8,img39.jpg,round
,,,,,
,,,,,
투다 26 C5,19000,투다,https://www.top50glasses.com/shop/goods/store.php?category=10&pc=Todar_26_C5,img42.jpg,round
투다 26 C4,19000,투다,https://www.top50glasses.com/shop/goods/store.php?category=10&pc=Todar_26_C4,img43.jpg,round
투다 26 C2,19000,투다,https://www.top50glasses.com/shop/goods/store.php?category=10&pc=Todar_26_C2,img44.jpg,round
,,,,,
,,,,,
투다 25 C7,19000,투다,https://www.top50glasses.com/shop/goods/store.php?category=10&pc=Todar_25_C7,img47.jpg,round
,,,,,
,,,,,
,,,,,
,,,,,
,,,,,
투다 24 C7,19000,투다,https://www.top50glasses.com/shop/goods/store.php?category=10&pc=Todar_24_C7,img53.jpg,round
,,,,,
투다 24 C5,19000,투다,https://www.top50glasses.com/shop/goods/store.php?category=10&pc=Todar_24_C5,img55.jpg,round
투다 24 C4,19000,투다,https://www.top50glasses.com/shop/goods/store.php?category=10&pc=Todar_24_C4,img56.jpg,round
,,,,,
,,,,,
투다 24 C1,19000,투다,https://www.top50glasses.com/shop/goods/store.php?category=10&pc=Todar_24_C1,img59.jpg,round
,,,,,
,,,,,
,,,,,
,,,,,
,,,,,
,,,,,
,,,,,
투다 21 C8,19000,투다,https://www.top50glasses.com/shop/goods/store.php?category=10&pc=Todar_21_C8,img67.jpg,square
투다 21 C7,19000,투다,https://www.top50glasses.com/shop/goods/store.php?category=10&pc=Todar_21_C7,img68.jpg,square
,,,,,
,,,,,
,,,,,
,,,,,
투다 20 C7M,19000,투다,https://www.top50glasses.com/shop/goods/store.php?category=10&pc=Todar_20_C7M,img73.jpg,round
,,,,,
투다 20 C6,19000,투다,https://www.top50glasses.com/shop/goods/store.php?category=10&pc=Todar_20_C6,img75.jpg,round
,,,,,
,,,,,
,,,,,
투다 20 C2,19000,투다,https://www.top50glasses.com/shop/goods/store.php?category=10&pc=Todar_20_C2,img79.jpg,round
,,,,,
,,,,,
,,,,,
,,,,,
,,,,,
투다 19 C6,19000,투다,https://www.top50glasses.com/shop/goods/store.php?category=10&pc=Todar_19_C6,img85.jpg,round
,,,,,
투다 19 C4,19000,투다,https://www.top50glasses.com/shop/goods/store.php?category=10&pc=Todar_19_C4,img87.jpg,round
투다 19 C3,19000,투다,https://www.top50glasses.com/shop/goods/store.php?category=10&pc=Todar_19_C3,img88.jpg,round
,,,,,
,,,,,
,,,,,
,,,,,
,,,,,
,,,,,
,,,,,
투다 18 C5,19000,투다,https://www.top50glasses.com/shop/goods/store.php?category=10&pc=Todar_18_C5,img96.jpg,round
투다 18 C4,19000,투다,https://www.top50glasses.com/shop/goods/store.php?category=10&pc=Todar_18_C4,img97.jpg,round
투다 18 C3,19000,투다,https://www.top50glasses.com/shop/goods/store.php?category=10&pc=Todar_18_C3,img98.jpg,round
,,,,,
,,,,,
,,,,,
,,,,,
,,,,,
,,,,,
,,,,,
투다 17 C5,19000,투다,https://www.top50glasses.com/shop/goods/store.php?category=10&pc=Todar_17_C5,img106.jpg,round
,,,,,
투다 17 C3,19000,투다,https://www.top50glasses.com/shop/goods/store.php?category=10&pc=Todar_17_C3,img108.jpg,round
,,,,,
,,,,,
,,,,,
,,,,,
,,,,,
투다 16 C5,19000,투다,https://www.top50glasses.com/shop/goods/store.php?category=10&pc=Todar_16_C5,img114.jpg,square
,,,,,
,,,,,
,,,,,
,,,,,
,,,,,
,,,,,
,,,,,
,,,,,
,,,,,
투다 12 C2,19000,투다,https://www.top50glasses.com/shop/goods/store.php?category=10&pc=Todar_12_C2,img124.jpg,round
,,,,,
,,,,,
,,,,,
,,,,,
투다 11 C6,19000,투다,https://www.top50glasses.com/shop/goods/store.php?category=10&pc=Todar_11_C6,img129.jpg,round
,,,,,
,,,,,
,,,,,
투다 11 C3,19000,투다,https://www.top50glasses.com/shop/goods/store.php?category=10&pc=Todar_11_C3,img133.jpg,round
,,,,,
,,,,,
투다 9 C8,19000,투다,https://www.top50glasses.com/shop/goods/store.php?category=10&pc=Todar_9_C8,img136.jpg,round
,,,,,
,,,,,
,,,,,
,,,,,
,,,,,
,,,,,
,,,,,
투다 9 C2,19000,투다,https://www.top50glasses.com/shop/goods/store.php?category=10&pc=Todar_9_C2,img144.jpg,round
투다 9 C1,19000,투다,https://www.top50glasses.com/shop/goods/store.php?category=10&pc=Todar_9_C1,img145.jpg,round
,,,,,
투다 6 C7M,19000,투다,https://www.top50glasses.com/shop/goods/store.php?category=10&pc=Todar_6_C7M,img147.jpg,round
,,,,,
,,,,,
,,,,,
투다 6 C5,19000,투다,https://www.top50glasses.com/shop/goods/store.php?category=10&pc=Todar_6_C5,img151.jpg,round
,,,,,
,,,,,
,,,,,
,,,,,
,,,,,
,,,,,
투다 4 C7,19000,투다,https://www.top50glasses.com/shop/goods/store.php?category=10&pc=Todar_4_C7,img158.jpg,round
,,,,,
,,,,,
투다 4 C5,19000,투다,https://www.top50glasses.com/shop/goods/store.php?category=10&pc=Todar_4_C5,img161.jpg,round
,,,,,
,,,,,
투다 4 C2,19000,투다,https://www.top50glasses.com/shop/goods/store.php?category=10&pc=Todar_4_C2,img164.jpg,round
,,,,,
,,,,,
,,,,,
투다 3 C7,19000,투다,https://www.top50glasses.com/shop/goods/store.php?category=10&pc=Todar_3_C7,img168.jpg,round
투다 3 C6,19000,투다,https://www.top50glasses.com/shop/goods/store.php?category=10&pc=Todar_3_C6,img169.jpg,round
,,,,,
,,,,,
,,,,,
,,,,,
,,,,,
투다 3 C1,19000,투다,https://www.top50glasses.com/shop/goods/store.php?category=10&pc=Todar_3_C1,img175.jpg,round
,,,,,
투다 2 C7M,19000,투다,https://www.top50glasses.com/shop/goods/store.php?category=10&pc=Todar_2_C7M,img177.jpg,round
,,,,,
,,,,,
,,,,,
,,,,,
투다 2 C4,19000,투다,https://www.top50glasses.com/shop/goods/store.php?category=10&pc=Todar_2_C4,img182.jpg,round
,,,,,
,,,,,
,,,,,
,,,,,
,,,,,
,,,,,
투다 1 C6,19000,투다,https://www.top50glasses.com/shop/goods/store.php?category=10&pc=Todar_1_C6,img189.jpg,round
,,,,,
,,,,,
,,,,,
,,,,,
투다 1 C2,19000,투다,https://www.top50glasses.com/shop/goods/store.php?category=10&pc=Todar_1_C2,img194.jpg,round
,,,,,
비.웨이브 607 C8,75000,비.웨이브,https://www.top50glasses.com/shop/goods/store.php?category=10&pc=B.wave607C8,img196.jpg,square
비.웨이브 607 C7,75000,비.웨이브,https://www.top50glasses.com/shop/goods/store.php?category=10&pc=B.wave607C7,img197.jpg,square
비.웨이브 607 C6,75000,비.웨이브,https://www.top50glasses.com/shop/goods/store.php?category=10&pc=B.wave607C6,img198.jpg,square
비.웨이브 607 C2,75000,비.웨이브,https://www.top50glasses.com/shop/goods/store.php?category=10&pc=B.wave607C2,img199.jpg,square
,,,,,
비.웨이브 607 C1,75000,비.웨이브,https://www.top50glasses.com/shop/goods/store.php?category=10&pc=B.wave607C1,img201.jpg,square
비.웨이브 605 C5,75000,비.웨이브,https://www.top50glasses.com/shop/goods/store.php?category=10&pc=B.wave605C5,img202.jpg,round
비.웨이브 605 C4,75000,비.웨이브,https://www.top50glasses.com/shop/goods/store.php?category=10&pc=B.wave605C4,img203.jpg,round
비.웨이브 605 C3,75000,비.웨이브,https://www.top50glasses.com/shop/goods/store.php?category=10&pc=B.wave605C3,img204.jpg,round
비.웨이브 604 C8,75000,비.웨이브,https://www.top50glasses.com/shop/goods/store.php?category=10&pc=B.wave604C8,img205.jpg,round
비.웨이브 606 C8,75000,비.웨이브,https://www.top50glasses.com/shop/goods/store.php?category=10&pc=B.wave606C8,img206.jpg,square
비.웨이브 606 C7,75000,비.웨이브,https://www.top50glasses.com/shop/goods/store.php?category=10&pc=B.wave606C7,img207.jpg,square
비.웨이브 606 C6,75000,비.웨이브,https://www.top50glasses.com/shop/goods/store.php?category=10&pc=B.wave606C6,img208.jpg,square
비.웨이브 604 C5,75000,비.웨이브,https://www.top50glasses.com/shop/goods/store.php?category=10&pc=B.wave604C5,img209.jpg,round
,,,,,
비.웨이브 604 C4,75000,비.웨이브,https://www.top50glasses.com/shop/goods/store.php?category=10&pc=B.wave604C4,img211.jpg,round
비.웨이브 604 C3,75000,비.웨이브,https://www.top50glasses.com/shop/goods/store.php?category=10&pc=B.wave604C3,img212.jpg,round
비.웨이브 604 C2,75000,비.웨이브,https://www.top50glasses.com/shop/goods/store.php?category=10&pc=B.wave604C2,img213.jpg,round
비.웨이브 604 C1,75000,비.웨이브,https://www.top50glasses.com/shop/goods/store.php?category=10&pc=B.wave604C1,img214.jpg,round
비.웨이브 606 C2,75000,비.웨이브,https://www.top50glasses.com/shop/goods/store.php?category=10&pc=B.wave606C2,img215.jpg,square
비.웨이브 606 C1,75000,비.웨이브,https://www.top50glasses.com/shop/goods/store.php?category=10&pc=B.wave606C1,img216.jpg,square
비.웨이브 603 C8,75000,비.웨이브,https://www.top50glasses.com/shop/goods/store.php?category=10&pc=B.wave603C8,img217.jpg,square
비.웨이브 603 C7,75000,비.웨이브,https://www.top50glasses.com/shop/goods/store.php?category=10&pc=B.wave603C7,img218.jpg,square
비.웨이브 603 C6,75000,비.웨이브,https://www.top50glasses.com/shop/goods/store.php?category=10&pc=B.wave603C6,img219.jpg,square
,,,,,
비.웨이브 603 C2,75000,비.웨이브,https://www.top50glasses.com/shop/goods/store.php?category=10&pc=B.wave603C2,img221.jpg,square
비.웨이브 603 C1,75000,비.웨이브,https://www.top50glasses.com/shop/goods/store.php?category=10&pc=B.wave603C1,img222.jpg,square
비.웨이브 602 C8,75000,비.웨이브,https://www.top50glasses.com/shop/goods/store.php?category=10&pc=B.wave602C8,img223.jpg,round
비.웨이브 602 C5,75000,비.웨이브,https://www.top50glasses.com/shop/goods/store.php?category=10&pc=B.wave602C5,img224.jpg,round
비.웨이브 602 C4,75000,비.웨이브,https://www.top50glasses.com/shop/goods/store.php?category=10&pc=B.wave602C4,img225.jpg,round
비.웨이브 602 C3,75000,비.웨이브,https://www.top50glasses.com/shop/goods/store.php?category=10&pc=B.wave602C3,img226.jpg,round
비.웨이브 602 C2,75000,비.웨이브,https://www.top50glasses.com/shop/goods/store.php?category=10&pc=B.wave602C2,img227.jpg,round
비.웨이브 602 C1,75000,비.웨이브,https://www.top50glasses.com/shop/goods/store.php?category=10&pc=B.wave602C1,img228.jpg,round
비.웨이브 601 C8,75000,비.웨이브,https://www.top50glasses.com/shop/goods/store.php?category=10&pc=B.wave601C8,img229.jpg,round
,,,,,
비.웨이브 601 C5,75000,비.웨이브,https://www.top50glasses.com/shop/goods/store.php?category=10&pc=B.wave601C5,img231.jpg,round
비.웨이브 601 C4,75000,비.웨이브,https://www.top50glasses.com/shop/goods/store.php?category=10&pc=B.wave601C4,img232.jpg,round
비.웨이브 601 C3,75000,비.웨이브,https://www.top50glasses.com/shop/goods/store.php?category=10&pc=B.wave601C3,img233.jpg,round
비.웨이브 601 C2,75000,비.웨이브,https://www.top50glasses.com/shop/goods/store.php?category=10&pc=B.wave601C2,img234.jpg,round
비.웨이브 601 C1,75000,비.웨이브,https://www.top50glasses.com/shop/goods/store.php?category=10&pc=B.wave601C1,img235.jpg,round
에일라 스프링 울템 2008 C8,36000,에일라 스프링 울템,https://www.top50glasses.com/shop/goods/store.php?category=10&pc=AlaeyeSpringUltem2008C8,img236.jpg,square
에일라 스프링 울템 2008 C7,36000,에일라 스프링 울템,https://www.top50glasses.com/shop/goods/store.php?category=10&pc=AlaeyeSpringUltem2008C7,img237.jpg,square
에일라 스프링 울템 2008 C5,36000,에일라 스프링 울템,https://www.top50glasses.com/shop/goods/store.php?category=10&pc=AlaeyeSpringUltem2008C5,img238.jpg,square
에일라 스프링 울템 2008 C4,36000,에일라 스프링 울템,https://www.top50glasses.com/shop/goods/store.php?category=10&pc=AlaeyeSpringUltem2008C4,img239.jpg,square
,,,,,
에일라 스프링 울템 2008 C2,36000,에일라 스프링 울템,https://www.top50glasses.com/shop/goods/store.php?category=10&pc=AlaeyeSpringUltem2008C2,img241.jpg,square
에일라 스프링 울템 2008 C1,36000,에일라 스프링 울템,https://www.top50glasses.com/shop/goods/store.php?category=10&pc=AlaeyeSpringUltem2008C1,img242.jpg,square
에일라 스프링 울템 2007 C8,36000,에일라 스프링 울템,https://www.top50glasses.com/shop/goods/store.php?category=10&pc=AlaeyeSpringUltem2007C8,img243.jpg,round
에일라 스프링 울템 2007 C7,36000,에일라 스프링 울템,https://www.top50glasses.com/shop/goods/store.php?category=10&pc=AlaeyeSpringUltem2007C7,img244.jpg,round
에일라 스프링 울템 2007 C5,36000,에일라 스프링 울템,https://www.top50glasses.com/shop/goods/store.php?category=10&pc=AlaeyeSpringUltem2007C5,img245.jpg,round
에일라 스프링 울템 2007 C4,36000,에일라 스프링 울템,https://www.top50glasses.com/shop/goods/store.php?category=10&pc=AlaeyeSpringUltem2007C4,img246.jpg,round
에일라 스프링 울템 2007 C2,36000,에일라 스프링 울템,https://www.top50glasses.com/shop/goods/store.php?category=10&pc=AlaeyeSpringUltem2007C2,img247.jpg,round
에일라 스프링 울템 2007 C1,36000,에일라 스프링 울템,https://www.top50glasses.com/shop/goods/store.php?category=10&pc=AlaeyeSpringUltem2007C1,img248.jpg,round
에일라 스프링 울템 2006 C8,36000,에일라 스프링 울템,https://www.top50glasses.com/shop/goods/store.php?category=10&pc=AlaeyeSpringUltem2006C8,img249.jpg,square
,,,,,
에일라 스프링 울템 2006 C7,36000,에일라 스프링 울템,https://www.top50glasses.com/shop/goods/store.php?category=10&pc=AlaeyeSpringUltem2006C7,img251.jpg,square
에일라 스프링 울템 2006 C5,36000,에일라 스프링 울템,https://www.top50glasses.com/shop/goods/store.php?category=10&pc=AlaeyeSpringUltem2006C5,img252.jpg,square
에일라 스프링 울템 2006 C4,36000,에일라 스프링 울템,https://www.top50glasses.com/shop/goods/store.php?category=10&pc=AlaeyeSpringUltem2006C4,img253.jpg,square
에일라 스프링 울템 2006 C2,36000,에일라 스프링 울템,https://www.top50glasses.com/shop/goods/store.php?category=10&pc=AlaeyeSpringUltem2006C2,img254.jpg,square
에일라 스프링 울템 2006 C1,36000,에일라 스프링 울템,https://www.top50glasses.com/shop/goods/store.php?category=10&pc=AlaeyeSpringUltem2006C1,img255.jpg,square
에일라 스프링 울템 2005 C8,36000,에일라 스프링 울템,https://www.top50glasses.com/shop/goods/store.php?category=10&pc=AlaeyeSpringUltem2005C8,img256.jpg,round
에일라 스프링 울템 2005 C7,36000,에일라 스프링 울템,https://www.top50glasses.com/shop/goods/store.php?category=10&pc=AlaeyeSpringUltem2005C7,img257.jpg,round
에일라 스프링 울템 2005 C5,36000,에일라 스프링 울템,https://www.top50glasses.com/shop/goods/store.php?category=10&pc=AlaeyeSpringUltem2005C5,img258.jpg,round
에일라 스프링 울템 2005 C4,36000,에일라 스프링 울템,https://www.top50glasses.com/shop/goods/store.php?category=10&pc=AlaeyeSpringUltem2005C4,img259.jpg,round
,,,,,
에일라 스프링 울템 2005 C2,36000,에일라 스프링 울템,https://www.top50glasses.com/shop/goods/store.php?category=10&pc=AlaeyeSpringUltem2005C2,img261.jpg,round
에일라 스프링 울템 2005 C1,36000,에일라 스프링 울템,https://www.top50glasses.com/shop/goods/store.php?category=10&pc=AlaeyeSpringUltem2005C1,img262.jpg,round
에일라 스프링 울템 2004 C8,36000,에일라 스프링 울템,https://www.top50glasses.com/shop/goods/store.php?category=10&pc=AlaeyeSpringUltem2004C8,img263.jpg,round
에일라 스프링 울템 2004 C7,36000,에일라 스프링 울템,https://www.top50glasses.com/shop/goods/store.php?category=10&pc=AlaeyeSpringUltem2004C7,img264.jpg,round
에일라 스프링 울템 2004 C5,36000,에일라 스프링 울템,https://www.top50glasses.com/shop/goods/store.php?category=10&pc=AlaeyeSpringUltem2004C5,img265.jpg,round
에일라 스프링 울템 2004 C4,36000,에일라 스프링 울템,https://www.top50glasses.com/shop/goods/store.php?category=10&pc=AlaeyeSpringUltem2004C4,img266.jpg,round
에일라 스프링 울템 2004 C2,36000,에일라 스프링 울템,https://www.top50glasses.com/shop/goods/store.php?category=10&pc=AlaeyeSpringUltem2004C2,img267.jpg,round
에일라 스프링 울템 2004 C1,36000,에일라 스프링 울템,https://www.top50glasses.com/shop/goods/store.php?category=10&pc=AlaeyeSpringUltem2004C1,img268.jpg,round
에일라 스프링 울템 2002 C5,36000,에일라 스프링 울템,https://www.top50glasses.com/shop/goods/store.php?category=10&pc=AlaeyeSpringUltem2002C5,img269.jpg,round
,,,,,
디렉트.나인 2125 C4,69000,디렉트.나인,https://www.top50glasses.com/shop/goods/store.php?category=10&pc=Direct92125C4,img271.jpg,half
디렉트.나인 2125 C3,69000,디렉트.나인,https://www.top50glasses.com/shop/goods/store.php?category=10&pc=Direct92125C3,img272.jpg,half
에일라 스프링 울템 2003 C8,36000,에일라 스프링 울템,https://www.top50glasses.com/shop/goods/store.php?category=10&pc=AlaeyeSpringUltem2003C8,img273.jpg,round
에일라 스프링 울템 2003 C7,36000,에일라 스프링 울템,https://www.top50glasses.com/shop/goods/store.php?category=10&pc=AlaeyeSpringUltem2003C7,img274.jpg,round
에일라 스프링 울템 2003 C5,36000,에일라 스프링 울템,https://www.top50glasses.com/shop/goods/store.php?category=10&pc=AlaeyeSpringUltem2003C5,img275.jpg,round
디렉트.나인 2125 C2,69000,디렉트.나인,https://www.top50glasses.com/shop/goods/store.php?category=10&pc=Direct92125C2,img276.jpg,half
디렉트.나인 2125 C1,69000,디렉트.나인,https://www.top50glasses.com/shop/goods/store.php?category=10&pc=Direct92125C1,img277.jpg,half
디렉트.나인 2117 C4,79000,디렉트.나인,https://www.top50glasses.com/shop/goods/store.php?category=10&pc=Direct92117C4,img278.jpg,half
디렉트.나인 2117 C1,79000,디렉트.나인,https://www.top50glasses.com/shop/goods/store.php?category=10&pc=Direct92117C1,img279.jpg,half
,,,,,
에일라 스프링 울템 2003 C4,36000,에일라 스프링 울템,https://www.top50glasses.com/shop/goods/store.php?category=10&pc=AlaeyeSpringUltem2003C4,img281.jpg,round
에일라 스프링 울템 2003 C2,36000,에일라 스프링 울템,https://www.top50glasses.com/shop/goods/store.php?category=10&pc=AlaeyeSpringUltem2003C2,img282.jpg,round
디렉트.나인 2034 C1,75000,디렉트.나인,https://www.top50glasses.com/shop/goods/store.php?category=10&pc=Direct92034C1,img283.jpg,square
디렉트.나인 2032 C1,75000,디렉트.나인,https://www.top50glasses.com/shop/goods/store.php?category=10&pc=Direct92032C1,img284.jpg,round
모아이 3034 골드블랙,문의,모아이,https://www.top50glasses.com/shop/goods/store.php?category=10&pc=Moeye_3034_GoldBlack,img285.jpg,round
모아이 3034 실버블랙,문의,모아이,https://www.top50glasses.com/shop/goods/store.php?category=10&pc=Moeye_3034_SilverBlack,img286.jpg,round
에일라 스프링 울템 2003 C1,36000,에일라 스프링 울템,https://www.top50glasses.com/shop/goods/store.php?category=10&pc=AlaeyeSpringUltem2003C1,img287.jpg,round
에일라 스프링 울템 2002 C8,36000,에일라 스프링 울템,https://www.top50glasses.com/shop/goods/store.php?category=10&pc=AlaeyeSpringUltem2002C8,img288.jpg,round
에일라 스프링 울템 2002 C7,36000,에일라 스프링 울템,https://www.top50glasses.com/shop/goods/store.php?category=10&pc=AlaeyeSpringUltem2002C7,img289.jpg,round
,,,,,
모아이 3034 실버,문의,모아이,https://www.top50glasses.com/shop/goods/store.php?category=10&pc=Moeye_3034_Silver,img291.jpg,round
모아이 3034 브라운,문의,모아이,https://www.top50glasses.com/shop/goods/store.php?category=10&pc=Moeye_3034_Brown,img292.jpg,round
모아이 3034 블랙,9900,모아이,https://www.top50glasses.com/shop/goods/store.php?category=10&pc=Moeye_3034_Black,img293.jpg,round
모아이 3027 골드블랙,9900,모아이,https://www.top50glasses.com/shop/goods/store.php?category=10&pc=Moeye_3027_GoldBlack,img294.jpg,round
모아이 3027 블랙,9900,모아이,https://www.top50glasses.com/shop/goods/store.php?category=10&pc=Moeye_3027_Black,img295.jpg,round
에일라 스프링 울템 2002 C4,36000,에일라 스프링 울템,https://www.top50glasses.com/shop/goods/store.php?category=10&pc=AlaeyeSpringUltem2002C4,img296.jpg,round
에일라 스프링 울템 2002 C2,36000,에일라 스프링 울템,https://www.top50glasses.com/shop/goods/store.php?category=10&pc=AlaeyeSpringUltem2002C2,img297.jpg,round
에일라 스프링 울템 2002 C1,36000,에일라 스프링 울템,https://www.top50glasses.com/shop/goods/store.php?category=10&pc=AlaeyeSpringUltem2002C1,img298.jpg,round
모아이 3008 골드블랙/블루라이트 일부차단 안경,9900,모아이,https://www.top50glasses.com/shop/goods/store.php?category=10&pc=Moeye_3008_GoldBlack,img299.jpg,round
,,,,,
,,,,,
,,,,,
티.일렉트 빅 105 C5,75000,티.일렉트 빅,https://www.top50glasses.com/shop/goods/store.php?category=10&pc=telectb_105_C5,img303.jpg,round
티.일렉트 빅 105 C4,75000,티.일렉트 빅,https://www.top50glasses.com/shop/goods/store.php?category=10&pc=telectb_105_C4,img304.jpg,round
에일라 스프링 울템 2001 C8,36000,에일라 스프링 울템,https://www.top50glasses.com/shop/goods/store.php?category=10&pc=AlaeyeSpringUltem2001C8,img305.jpg,square
에일라 스프링 울템 2001 C7,36000,에일라 스프링 울템,https://www.top50glasses.com/shop/goods/store.php?category=10&pc=AlaeyeSpringUltem2001C7,img306.jpg,square
에일라 스프링 울템 2001 C5,36000,에일라 스프링 울템,https://www.top50glasses.com/shop/goods/store.php?category=10&pc=AlaeyeSpringUltem2001C5,img307.jpg,square
티.일렉트 빅 105 C3,75000,티.일렉트 빅,https://www.top50glasses.com/shop/goods/store.php?category=10&pc=telectb_105_C3,img308.jpg,round
티.일렉트 빅 105 C2,75000,티.일렉트 빅,https://www.top50glasses.com/shop/goods/store.php?category=10&pc=telectb_105_C2,img309.jpg,round
,,,,,
티.일렉트 빅 105 C1,75000,티.일렉트 빅,https://www.top50glasses.com/shop/goods/store.php?category=10&pc=telectb_105_C1,img311.jpg,round
티.일렉트 103 C5,69000,티.일렉트,https://www.top50glasses.com/shop/goods/store.php?category=10&pc=telect_103_C5,img312.jpg,round
티.일렉트 103 C4,69000,티.일렉트,https://www.top50glasses.com/shop/goods/store.php?category=10&pc=telect_103_C4,img313.jpg,round
에일라 스프링 울템 2001 C4,36000,에일라 스프링 울템,https://www.top50glasses.com/shop/goods/store.php?category=10&pc=AlaeyeSpringUltem2001C4,img314.jpg,square
에일라 스프링 울템 2001 C2,36000,에일라 스프링 울템,https://www.top50glasses.com/shop/goods/store.php?category=10&pc=AlaeyeSpringUltem2001C2,img315.jpg,square
에일라 스프링 울템 2001 C1,36000,에일라 스프링 울템,https://www.top50glasses.com/shop/goods/store.php?category=10&pc=AlaeyeSpringUltem2001C1,img316.jpg,square
티.일렉트 103 C3,69000,티.일렉트,https://www.top50glasses.com/shop/goods/store.php?category=10&pc=telect_103_C3,img317.jpg,round
티.일렉트 103 C2,69000,티.일렉트,https://www.top50glasses.com/shop/goods/store.php?category=10&pc=telect_103_C2,img318.jpg,round
티.일렉트 103 C1,69000,티.일렉트,https://www.top50glasses.com/shop/goods/store.php?category=10&pc=telect_103_C1,img319.jpg,round
,,,,,
티.일렉트 101 C5,69000,티.일렉트,https://www.top50glasses.com/shop/goods/store.php?category=10&pc=telect_101_C5,img321.jpg,round
티.일렉트 101 C4,69000,티.일렉트,https://www.top50glasses.com/shop/goods/store.php?category=10&pc=telect_101_C4,img322.jpg,round
디렉트.나인 2122 C4,85000,디렉트.나인,https://www.top50glasses.com/shop/goods/store.php?category=10&pc=Direct92122C4,img323.jpg,half
디렉트.나인 2122 C3,85000,디렉트.나인,https://www.top50glasses.com/shop/goods/store.php?category=10&pc=Direct92122C3,img324.jpg,half
디렉트.나인 2122 C2,85000,디렉트.나인,https://www.top50glasses.com/shop/goods/store.php?category=10&pc=Direct92122C2,img325.jpg,half
티.일렉트 101 C3,69000,티.일렉트,https://www.top50glasses.com/shop/goods/store.php?category=10&pc=telect_101_C3,img326.jpg,round
티.일렉트 101 C2,69000,티.일렉트,https://www.top50glasses.com/shop/goods/store.php?category=10&pc=telect_101_C2,img327.jpg,round
티.일렉트 101 C1,69000,티.일렉트,https://www.top50glasses.com/shop/goods/store.php?category=10&pc=telect_101_C1,img328.jpg,round
오벤 와그너 솔텍스 1712 C1,82000,오벤 와그너 솔텍스,https://www.top50glasses.com/shop/goods/store.php?category=10&pc=obenwagsol_1712_C1,img329.jpg,round
,,,,,
오벤 와그너 솔텍스 1711 C4,82000,오벤 와그너 솔텍스,https://www.top50glasses.com/shop/goods/store.php?category=10&pc=obenwagsol_1711_C4,img331.jpg,round
디렉트.나인 2122 C1,85000,디렉트.나인,https://www.top50glasses.com/shop/goods/store.php?category=10&pc=Direct92122C1,img332.jpg,half
디렉트.나인 2121 C4,69000,디렉트.나인,https://www.top50glasses.com/shop/goods/store.php?category=10&pc=Direct92121C4,img333.jpg,half
오벤 베타티탄 3015 C4,69000,오벤 베타티탄,https://www.top50glasses.com/shop/goods/store.php?category=10&pc=obenbtitan_3015_C4,img334.jpg,round
오벤 베타티탄 3015 C3,69000,오벤 베타티탄,https://www.top50glasses.com/shop/goods/store.php?category=10&pc=obenbtitan_3015_C3,img335.jpg,round
오벤 베타티탄 3015 C2,69000,오벤 베타티탄,https://www.top50glasses.com/shop/goods/store.php?category=10&pc=obenbtitan_3015_C2,img336.jpg,round
오벤 베타티탄 3015 C1,69000,오벤 베타티탄,https://www.top50glasses.com/shop/goods/store.php?category=10&pc=obenbtitan_3015_C1,img337.jpg,round
오벤 베타티탄 3014 C4,69000,오벤 베타티탄,https://www.top50glasses.com/shop/goods/store.php?category=10&pc=obenbtitan_3014_C4,img338.jpg,round
디렉트.나인 2121 C3,69000,디렉트.나인,https://www.top50glasses.com/shop/goods/store.php?category=10&pc=Direct92121C3,img339.jpg,half
,,,,,
디렉트.나인 2121 C2,69000,디렉트.나인,https://www.top50glasses.com/shop/goods/store.php?category=10&pc=Direct92121C2,img341.jpg,half
디렉트.나인 2121 C1,69000,디렉트.나인,https://www.top50glasses.com/shop/goods/store.php?category=10&pc=Direct92121C1,img342.jpg,square
오벤 베타티탄 3014 C3,69000,오벤 베타티탄,https://www.top50glasses.com/shop/goods/store.php?category=10&pc=obenbtitan_3014_C3,img343.jpg,round
오벤 베타티탄 3014 C2,69000,오벤 베타티탄,https://www.top50glasses.com/shop/goods/store.php?category=10&pc=obenbtitan_3014_C2,img344.jpg,round
오벤 베타티탄 3014 C1,69000,오벤 베타티탄,https://www.top50glasses.com/shop/goods/store.php?category=10&pc=obenbtitan_3014_C1,img345.jpg,round
오벤 베타티탄 3013 C4,69000,오벤 베타티탄,https://www.top50glasses.com/shop/goods/store.php?category=10&pc=obenbtitan_3013_C4,img346.jpg,round
오벤 베타티탄 3013 C3,69000,오벤 베타티탄,https://www.top50glasses.com/shop/goods/store.php?category=10&pc=obenbtitan_3013_C3,img347.jpg,round
디렉트.나인 2117 C3,79000,디렉트.나인,https://www.top50glasses.com/shop/goods/store.php?category=10&pc=Direct92117C3,img348.jpg,half
디렉트.나인 2117 C2,79000,디렉트.나인,https://www.top50glasses.com/shop/goods/store.php?category=10&pc=Direct92117C2,img349.jpg,half
,,,,,
오벤 베타티탄 3013 C2,69000,오벤 베타티탄,https://www.top50glasses.com/shop/goods/store.php?category=10&pc=obenbtitan_3013_C2,img351.jpg,round
오벤 베타티탄 3013 C1,69000,오벤 베타티탄,https://www.top50glasses.com/shop/goods/store.php?category=10&pc=obenbtitan_3013_C1,img352.jpg,round
오벤 베타티탄 3012 C4,69000,오벤 베타티탄,https://www.top50glasses.com/shop/goods/store.php?category=10&pc=obenbtitan_3012_C4,img353.jpg,round
오벤 베타티탄 3012 C3,69000,오벤 베타티탄,https://www.top50glasses.com/shop/goods/store.php?category=10&pc=obenbtitan_3012_C3,img354.jpg,round
오벤 베타티탄 3012 C2,69000,오벤 베타티탄,https://www.top50glasses.com/shop/goods/store.php?category=10&pc=obenbtitan_3012_C2,img355.jpg,round
오벤 베타티탄 3012 C1,69000,오벤 베타티탄,https://www.top50glasses.com/shop/goods/store.php?category=10&pc=obenbtitan_3012_C1,img356.jpg,round
모야 키즈 티탄 6604 C7,69000,모야 키즈 티탄,https://www.top50glasses.com/shop/goods/store.php?category=10&pc=moyakidstitan_6604_C7,img357.jpg,square
모야 키즈 티탄 6604 C6,69000,모야 키즈 티탄,https://www.top50glasses.com/shop/goods/store.php?category=10&pc=moyakidstitan_6604_C6,img358.jpg,square
모야 키즈 티탄 6604 C5,69000,모야 키즈 티탄,https://www.top50glasses.com/shop/goods/store.php?category=10&pc=moyakidstitan_6604_C5,img359.jpg,square
,,,,,
디렉트.나인 2034 C4,75000,디렉트.나인,https://www.top50glasses.com/shop/goods/store.php?category=10&pc=Direct92034C4,img361.jpg,square
디렉트.나인 2032 C4,75000,디렉트.나인,https://www.top50glasses.com/shop/goods/store.php?category=10&pc=Direct92032C4,img362.jpg,square
모아이 3030 로즈골드,9900,모아이,https://www.top50glasses.com/shop/goods/store.php?category=10&pc=Moeye_3030_RoseGold,img363.jpg,round
모야 키즈 티탄 6604 C3,69000,모야 키즈 티탄,https://www.top50glasses.com/shop/goods/store.php?category=10&pc=moyakidstitan_6604_C3,img364.jpg,oval
모야 키즈 티탄 6604 C2,69000,모야 키즈 티탄,https://www.top50glasses.com/shop/goods/store.php?category=10&pc=moyakidstitan_6604_C2,img365.jpg,oval
모야 키즈 티탄 6604 C1,69000,모야 키즈 티탄,https://www.top50glasses.com/shop/goods/store.php?category=10&pc=moyakidstitan_6604_C1,img366.jpg,oval
모야 키즈 티탄 6603 C7,69000,모야 키즈 티탄,https://www.top50glasses.com/shop/goods/store.php?category=10&pc=moyakidstitan_6603_C7,img367.jpg,round
모아이 3030 골드블랙,9900,모아이,https://www.top50glasses.com/shop/goods/store.php?category=10&pc=Moeye_3030_GoldBlack,img368.jpg,round
모아이 3030 실버블랙,9900,모아이,https://www.top50glasses.com/shop/goods/store.php?category=10&pc=Moeye_3030_SilverBlack,img369.jpg,round
,,,,,
모야 키즈 티탄 6603 C6,69000,모야 키즈 티탄,https://www.top50glasses.com/shop/goods/store.php?category=10&pc=moyakidstitan_6603_C6,img371.jpg,round
모야 키즈 티탄 6603 C5,69000,모야 키즈 티탄,https://www.top50glasses.com/shop/goods/store.php?category=10&pc=moyakidstitan_6603_C5,img372.jpg,round
모야 키즈 티탄 6603 C3,69000,모야 키즈 티탄,https://www.top50glasses.com/shop/goods/store.php?category=10&pc=moyakidstitan_6603_C3,img373.jpg,round
모야 키즈 티탄 6603 C2,69000,모야 키즈 티탄,https://www.top50glasses.com/shop/goods/store.php?category=10&pc=moyakidstitan_6603_C2,img374.jpg,round
모야 키즈 티탄 6603 C1,69000,모야 키즈 티탄,https://www.top50glasses.com/shop/goods/store.php?category=10&pc=moyakidstitan_6603_C1,img375.jpg,round
모아이 3030 실버,9900,모아이,https://www.top50glasses.com/shop/goods/store.php?category=10&pc=Moeye_3030_Silver,img376.jpg,round
모아이 3030 브라운,9900,모아이,https://www.top50glasses.com/shop/goods/store.php?category=10&pc=Moeye_3030_Brown,img377.jpg,round
모아이 3030 블랙,9900,모아이,https://www.top50glasses.com/shop/goods/store.php?category=10&pc=Moeye_3030_Black,img378.jpg,round
모아이 3027 로즈골드,9900,모아이,https://www.top50glasses.com/shop/goods/store.php?category=10&pc=Moeye_3027_RoseGold,img379.jpg,round
,,,,,
모야 키즈 티탄 6602 C7,69000,모야 키즈 티탄,https://www.top50glasses.com/shop/goods/store.php?category=10&pc=moyakidstitan_6602_C7,img381.jpg,round
모야 키즈 티탄 6602 C6,69000,모야 키즈 티탄,https://www.top50glasses.com/shop/goods/store.php?category=10&pc=moyakidstitan_6602_C6,img382.jpg,round
모야 키즈 티탄 6602 C5,69000,모야 키즈 티탄,https://www.top50glasses.com/shop/goods/store.php?category=10&pc=moyakidstitan_6602_C5,img383.jpg,round
모야 키즈 티탄 6602 C3,69000,모야 키즈 티탄,https://www.top50glasses.com/shop/goods/store.php?category=10&pc=moyakidstitan_6602_C3,img384.jpg,round
모아이 3027 실버블랙,9900,모아이,https://www.top50glasses.com/shop/goods/store.php?category=10&pc=Moeye_3027_SilverBlack,img385.jpg,round
모아이 3027 실버,9900,모아이,https://www.top50glasses.com/shop/goods/store.php?category=10&pc=Moeye_3027_Silver,img386.jpg,round
모아이 3027 브라운,9900,모아이,https://www.top50glasses.com/shop/goods/store.php?category=10&pc=Moeye_3027_Brown,img387.jpg,round
모아이 3008 로즈골드,9900,모아이,https://www.top50glasses.com/shop/goods/store.php?category=10&pc=Moeye_3008_RoseGold,img388.jpg,round
모야 키즈 티탄 6602 C2,69000,모야 키즈 티탄,https://www.top50glasses.com/shop/goods/store.php?category=10&pc=moyakidstitan_6602_C2,img389.jpg,round
,,,,,
모야 키즈 티탄 6602 C1,69000,모야 키즈 티탄,https://www.top50glasses.com/shop/goods/store.php?category=10&pc=moyakidstitan_6602_C1,img391.jpg,round
모야 키즈 티탄 6601 C7,69000,모야 키즈 티탄,https://www.top50glasses.com/shop/goods/store.php?category=10&pc=moyakidstitan_6601_C7,img392.jpg,round
모야 키즈 티탄 6601 C6,69000,모야 키즈 티탄,https://www.top50glasses.com/shop/goods/store.php?category=10&pc=moyakidstitan_6601_C6,img393.jpg,round
모아이 3008 실버블랙,9900,모아이,https://www.top50glasses.com/shop/goods/store.php?category=10&pc=Moeye_3008_SilverBlack,img394.jpg,round
모아이 3008 실버,9900,모아이,https://www.top50glasses.com/shop/goods/store.php?category=10&pc=Moeye_3008_Silver,img395.jpg,round
모아이 3003 로즈골드,9900,모아이,https://www.top50glasses.com/shop/goods/store.php?category=10&pc=Moeye_3003_RoseGold,img396.jpg,round
모아이 3003 골드블랙,9900,모아이,https://www.top50glasses.com/shop/goods/store.php?category=10&pc=Moeye_3003_GoldBlack,img397.jpg,round
모야 키즈 티탄 6601 C5,69000,모야 키즈 티탄,https://www.top50glasses.com/shop/goods/store.php?category=10&pc=moyakidstitan_6601_C5,img398.jpg,round
모야 키즈 티탄 6601 C3,69000,모야 키즈 티탄,https://www.top50glasses.com/shop/goods/store.php?category=10&pc=moyakidstitan_6601_C3,img399.jpg,round
,,,,,
모야 키즈 티탄 6601 C2,69000,모야 키즈 티탄,https://www.top50glasses.com/shop/goods/store.php?category=10&pc=moyakidstitan_6601_C2,img401.jpg,round
모야 키즈 티탄 6601 C1,69000,모야 키즈 티탄,https://www.top50glasses.com/shop/goods/store.php?category=10&pc=moyakidstitan_6601_C1,img402.jpg,round
모아이 3003 실버블랙,9900,모아이,https://www.top50glasses.com/shop/goods/store.php?category=10&pc=Moeye_3003_SilverBlack,img403.jpg,round
모아이 3003 실버,9900,모아이,https://www.top50glasses.com/shop/goods/store.php?category=10&pc=Moeye_3003_Silver,img404.jpg,round
모아이 3003 브라운,9900,모아이,https://www.top50glasses.com/shop/goods/store.php?category=10&pc=Moeye_3003_Brown,img405.jpg,round
모아이 3003 블랙,9900,모아이,https://www.top50glasses.com/shop/goods/store.php?category=10&pc=Moeye_3003_Black,img406.jpg,round
모야 키즈 6104 C8,33000,모야 키즈,https://www.top50glasses.com/shop/goods/store.php?category=10&pc=moyakids_6104_C8,img407.jpg,oval
모야 키즈 6104 C6,33000,모야 키즈,https://www.top50glasses.com/shop/goods/store.php?category=10&pc=moyakids_6104_C6,img408.jpg,oval
모야 키즈 6104 C3,33000,모야 키즈,https://www.top50glasses.com/shop/goods/store.php?category=10&pc=moyakids_6104_C3,img409.jpg,oval
,,,,,
모야 키즈 6104 C2,33000,모야 키즈,https://www.top50glasses.com/shop/goods/store.php?category=10&pc=moyakids_6104_C2,img411.jpg,oval
모야 키즈 6104 C1,33000,모야 키즈,https://www.top50glasses.com/shop/goods/store.php?category=10&pc=moyakids_6104_C1,img412.jpg,oval
오벤 와그너 솔텍스 1712 C5,82000,오벤 와그너 솔텍스,https://www.top50glasses.com/shop/goods/store.php?category=10&pc=obenwagsol_1712_C5,img413.jpg,round
오벤 와그너 솔텍스 1712 C4,82000,오벤 와그너 솔텍스,https://www.top50glasses.com/shop/goods/store.php?category=10&pc=obenwagsol_1712_C4,img414.jpg,round
오벤 와그너 솔텍스 1712 C3,82000,오벤 와그너 솔텍스,https://www.top50glasses.com/shop/goods/store.php?category=10&pc=obenwagsol_1712_C3,img415.jpg,round
모야 키즈 6103 C8,33000,모야 키즈,https://www.top50glasses.com/shop/goods/store.php?category=10&pc=moyakids_6103_C8,img416.jpg,round
모야 키즈 6103 C6,33000,모야 키즈,https://www.top50glasses.com/shop/goods/store.php?category=10&pc=moyakids_6103_C6,img417.jpg,round
모야 키즈 6103 C3,33000,모야 키즈,https://www.top50glasses.com/shop/goods/store.php?category=10&pc=moyakids_6103_C3,img418.jpg,round
모야 키즈 6103 C2,33000,모야 키즈,https://www.top50glasses.com/shop/goods/store.php?category=10&pc=moyakids_6103_C2,img419.jpg,round
,,,,,
모야 키즈 6103 C1,33000,모야 키즈,https://www.top50glasses.com/shop/goods/store.php?category=10&pc=moyakids_6103_C1,img421.jpg,round
오벤 와그너 솔텍스 1712 C2,82000,오벤 와그너 솔텍스,https://www.top50glasses.com/shop/goods/store.php?category=10&pc=obenwagsol_1712_C2,img422.jpg,round
오벤 와그너 솔텍스 1711 C5,82000,오벤 와그너 솔텍스,https://www.top50glasses.com/shop/goods/store.php?category=10&pc=obenwagsol_1711_C5,img423.jpg,round
오벤 와그너 솔텍스 1711 C3,82000,오벤 와그너 솔텍스,https://www.top50glasses.com/shop/goods/store.php?category=10&pc=obenwagsol_1711_C3,img424.jpg,round
모야 키즈 6102 C8,33000,모야 키즈,https://www.top50glasses.com/shop/goods/store.php?category=10&pc=moyakids_6102_C8,img425.jpg,round
모야 키즈 6102 C6,33000,모야 키즈,https://www.top50glasses.com/shop/goods/store.php?category=10&pc=moyakids_6102_C6,img426.jpg,round
모야 키즈 6102 C3,33000,모야 키즈,https://www.top50glasses.com/shop/goods/store.php?category=10&pc=moyakids_6102_C3,img427.jpg,round
모야 키즈 6102 C2,33000,모야 키즈,https://www.top50glasses.com/shop/goods/store.php?category=10&pc=moyakids_6102_C2,img428.jpg,round
모야 키즈 6102 C1,33000,모야 키즈,https://www.top50glasses.com/shop/goods/store.php?category=10&pc=moyakids_6102_C1,img429.jpg,round
,,,,,
오벤 와그너 솔텍스 1711 C2,82000,오벤 와그너 솔텍스,https://www.top50glasses.com/shop/goods/store.php?category=10&pc=obenwagsol_1711_C2,img431.jpg,round
오벤 와그너 솔텍스 1711 C1,82000,오벤 와그너 솔텍스,https://www.top50glasses.com/shop/goods/store.php?category=10&pc=obenwagsol_1711_C1,img432.jpg,round
모야 키즈 6101 C8,33000,모야 키즈,https://www.top50glasses.com/shop/goods/store.php?category=10&pc=moyakids_6101_C8,img433.jpg,round
모야 키즈 6101 C6,33000,모야 키즈,https://www.top50glasses.com/shop/goods/store.php?category=10&pc=moyakids_6101_C6,img434.jpg,round
모야 키즈 6101 C3,33000,모야 키즈,https://www.top50glasses.com/shop/goods/store.php?category=10&pc=moyakids_6101_C3,img435.jpg,round
모야 키즈 6101 C2,33000,모야 키즈,https://www.top50glasses.com/shop/goods/store.php?category=10&pc=moyakids_6101_C2,img436.jpg,round
모야 키즈 6101 C1,33000,모야 키즈,https://www.top50glasses.com/shop/goods/store.php?category=10&pc=moyakids_6101_C1,img437.jpg,round
모아이 클래식 4012 C7,29000,모아이 클래식,https://www.top50glasses.com/shop/goods/store.php?category=10&pc=moeyeclassic_4012_C7,img438.jpg,round
모아이 클래식 4012 C6,29000,모아이 클래식,https://www.top50glasses.com/shop/goods/store.php?category=10&pc=moeyeclassic_4012_C6,img439.jpg,round
,,,,,
모아이 클래식 4012 C3,29000,모아이 클래식,https://www.top50glasses.com/shop/goods/store.php?category=10&pc=moeyeclassic_4012_C3,img441.jpg,round
모아이 클래식 4012 C2,29000,모아이 클래식,https://www.top50glasses.com/shop/goods/store.php?category=10&pc=moeyeclassic_4012_C2,img442.jpg,round
모아이 클래식 4012 C1,29000,모아이 클래식,https://www.top50glasses.com/shop/goods/store.php?category=10&pc=moeyeclassic_4012_C1,img443.jpg,round
모아이 클래식 4011 C7,29000,모아이 클래식,https://www.top50glasses.com/shop/goods/store.php?category=10&pc=moeyeclassic_4011_C7,img444.jpg,round
모아이 클래식 4011 C6,29000,모아이 클래식,https://www.top50glasses.com/shop/goods/store.php?category=10&pc=moeyeclassic_4011_C6,img445.jpg,round
모아이 클래식 4011 C3,29000,모아이 클래식,https://www.top50glasses.com/shop/goods/store.php?category=10&pc=moeyeclassic_4011_C3,img446.jpg,round
모아이 클래식 4011 C2,29000,모아이 클래식,https://www.top50glasses.com/shop/goods/store.php?category=10&pc=moeyeclassic_4011_C2,img447.jpg,round
모아이 클래식 4011 C1,29000,모아이 클래식,https://www.top50glasses.com/shop/goods/store.php?category=10&pc=moeyeclassic_4011_C1,img448.jpg,round
모아이 클래식 4010 C7,29000,모아이 클래식,https://www.top50glasses.com/shop/goods/store.php?category=10&pc=moeyeclassic_4010_C7,img449.jpg,round
,,,,,
모아이 클래식 4010 C6,29000,모아이 클래식,https://www.top50glasses.com/shop/goods/store.php?category=10&pc=moeyeclassic_4010_C6,img451.jpg,round
모아이 클래식 4010 C3,29000,모아이 클래식,https://www.top50glasses.com/shop/goods/store.php?category=10&pc=moeyeclassic_4010_C3,img452.jpg,round
모아이 클래식 4010 C2,29000,모아이 클래식,https://www.top50glasses.com/shop/goods/store.php?category=10&pc=moeyeclassic_4010_C2,img453.jpg,round
모아이 클래식 4010 C1,29000,모아이 클래식,https://www.top50glasses.com/shop/goods/store.php?category=10&pc=moeyeclassic_4010_C1,img454.jpg,round
모아이 클래식 4008 C7,29000,모아이 클래식,https://www.top50glasses.com/shop/goods/store.php?category=10&pc=moeyeclassic_4008_C7,img455.jpg,round
모아이 클래식 4008 C6,29000,모아이 클래식,https://www.top50glasses.com/shop/goods/store.php?category=10&pc=moeyeclassic_4008_C6,img456.jpg,round
모아이 클래식 4008 C3,29000,모아이 클래식,https://www.top50glasses.com/shop/goods/store.php?category=10&pc=moeyeclassic_4008_C3,img457.jpg,round
모아이 클래식 4008 C2,29000,모아이 클래식,https://www.top50glasses.com/shop/goods/store.php?category=10&pc=moeyeclassic_4008_C2,img458.jpg,round
모아이 클래식 4008 C1,29000,모아이 클래식,https://www.top50glasses.com/shop/goods/store.php?category=10&pc=moeyeclassic_4008_C1,img459.jpg,round
,,,,,
모아이 클래식 4007 C7,29000,모아이 클래식,https://www.top50glasses.com/shop/goods/store.php?category=10&pc=moeyeclassic_4007_C7,img461.jpg,round
모아이 클래식 4007 C6,29000,모아이 클래식,https://www.top50glasses.com/shop/goods/store.php?category=10&pc=moeyeclassic_4007_C6,img462.jpg,round
모아이 클래식 4007 C3,29000,모아이 클래식,https://www.top50glasses.com/shop/goods/store.php?category=10&pc=moeyeclassic_4007_C3,img463.jpg,round
모아이 클래식 4007 C2,29000,모아이 클래식,https://www.top50glasses.com/shop/goods/store.php?category=10&pc=moeyeclassic_4007_C2,img464.jpg,round
모아이 클래식 4007 C1,29000,모아이 클래식,https://www.top50glasses.com/shop/goods/store.php?category=10&pc=moeyeclassic_4007_C1,img465.jpg,round
모아이 클래식 4006 C7,29000,모아이 클래식,https://www.top50glasses.com/shop/goods/store.php?category=10&pc=moeyeclassic_4006_C7,img466.jpg,round
모아이 클래식 4006 C6,29000,모아이 클래식,https://www.top50glasses.com/shop/goods/store.php?category=10&pc=moeyeclassic_4006_C6,img467.jpg,round
모아이 클래식 4006 C3,29000,모아이 클래식,https://www.top50glasses.com/shop/goods/store.php?category=10&pc=moeyeclassic_4006_C3,img468.jpg,round
모아이 클래식 4006 C2,29000,모아이 클래식,https://www.top50glasses.com/shop/goods/store.php?category=10&pc=moeyeclassic_4006_C2,img469.jpg,round
,,,,,
모아이 클래식 4006 C1,29000,모아이 클래식,https://www.top50glasses.com/shop/goods/store.php?category=10&pc=moeyeclassic_4006_C1,img471.jpg,round
모아이 클래식 4005 C7,29000,모아이 클래식,https://www.top50glasses.com/shop/goods/store.php?category=10&pc=moeyeclassic_4005_C7,img472.jpg,round
모아이 클래식 4005 C6,29000,모아이 클래식,https://www.top50glasses.com/shop/goods/store.php?category=10&pc=moeyeclassic_4005_C6,img473.jpg,round
모아이 클래식 4005 C3,29000,모아이 클래식,https://www.top50glasses.com/shop/goods/store.php?category=10&pc=moeyeclassic_4005_C3,img474.jpg,round
모아이 클래식 4005 C2,29000,모아이 클래식,https://www.top50glasses.com/shop/goods/store.php?category=10&pc=moeyeclassic_4005_C2,img475.jpg,round
모아이 클래식 4005 C1,29000,모아이 클래식,https://www.top50glasses.com/shop/goods/store.php?category=10&pc=moeyeclassic_4005_C1,img476.jpg,round
모아이 클래식 4004 C7,29000,모아이 클래식,https://www.top50glasses.com/shop/goods/store.php?category=10&pc=moeyeclassic_4004_C7,img477.jpg,round
모아이 클래식 4004 C6,29000,모아이 클래식,https://www.top50glasses.com/shop/goods/store.php?category=10&pc=moeyeclassic_4004_C6,img478.jpg,round
모아이 클래식 4004 C3,29000,모아이 클래식,https://www.top50glasses.com/shop/goods/store.php?category=10&pc=moeyeclassic_4004_C3,img479.jpg,round
,,,,,
모아이 클래식 4004 C2,29000,모아이 클래식,https://www.top50glasses.com/shop/goods/store.php?category=10&pc=moeyeclassic_4004_C2,img481.jpg,round
모아이 클래식 4003 C7,29000,모아이 클래식,https://www.top50glasses.com/shop/goods/store.php?category=10&pc=moeyeclassic_4003_C7,img482.jpg,round
모아이 클래식 4004 C1,29000,모아이 클래식,https://www.top50glasses.com/shop/goods/store.php?category=10&pc=moeyeclassic_4004_C1,img483.jpg,round
모아이 클래식 4003 C6,29000,모아이 클래식,https://www.top50glasses.com/shop/goods/store.php?category=10&pc=moeyeclassic_4003_C6,img484.jpg,round
모아이 클래식 4003 C3,29000,모아이 클래식,https://www.top50glasses.com/shop/goods/store.php?category=10&pc=moeyeclassic_4003_C3,img485.jpg,round
모아이 클래식 4003 C2,29000,모아이 클래식,https://www.top50glasses.com/shop/goods/store.php?category=10&pc=moeyeclassic_4003_C2,img486.jpg,round
모아이 클래식 4003 C1,29000,모아이 클래식,https://www.top50glasses.com/shop/goods/store.php?category=10&pc=moeyeclassic_4003_C1,img487.jpg,round
모아이 클래식 4002 C7,29000,모아이 클래식,https://www.top50glasses.com/shop/goods/store.php?category=10&pc=moeyeclassic_4002_C7,img488.jpg,round
모아이 클래식 4002 C6,29000,모아이 클래식,https://www.top50glasses.com/shop/goods/store.php?category=10&pc=moeyeclassic_4002_C6,img489.jpg,round
,,,,,
모아이 클래식 4002 C3,29000,모아이 클래식,https://www.top50glasses.com/shop/goods/store.php?category=10&pc=moeyeclassic_4002_C3,img491.jpg,round
모아이 클래식 4002 C1,29000,모아이 클래식,https://www.top50glasses.com/shop/goods/store.php?category=10&pc=moeyeclassic_4002_C1,img492.jpg,round
케이트켈리 6032 C6,45000,케이트켈리,https://www.top50glasses.com/shop/goods/store.php?category=10&pc=knk_6032_C6,img493.jpg,round
모아이 클래식 4002 C2,29000,모아이 클래식,https://www.top50glasses.com/shop/goods/store.php?category=10&pc=moeyeclassic_4002_C2,img494.jpg,round
케이트켈리 6033 C8,45000,케이트켈리,https://www.top50glasses.com/shop/goods/store.php?category=10&pc=knk_6033_C8,img495.jpg,round
케이트켈리 6033 C7,45000,케이트켈리,https://www.top50glasses.com/shop/goods/store.php?category=10&pc=knk_6033_C7,img496.jpg,round
케이트켈리 6033 C4,45000,케이트켈리,https://www.top50glasses.com/shop/goods/store.php?category=10&pc=knk_6033_C4,img497.jpg,round
케이트켈리 6031 C7,45000,케이트켈리,https://www.top50glasses.com/shop/goods/store.php?category=10&pc=knk_6031_C7,img498.jpg,square
케이트켈리 6031 C2,45000,케이트켈리,https://www.top50glasses.com/shop/goods/store.php?category=10&pc=knk_6031_C2,img499.jpg,square
,,,,,
케이트켈리 6031 C1,45000,케이트켈리,https://www.top50glasses.com/shop/goods/store.php?category=10&pc=knk_6031_C1,img501.jpg,square
케이트켈리 6029 C8,45000,케이트켈리,https://www.top50glasses.com/shop/goods/store.php?category=10&pc=knk_6029_C8,img502.jpg,round
케이트켈리 6029 C4,45000,케이트켈리,https://www.top50glasses.com/shop/goods/store.php?category=10&pc=knk_6029_C4,img503.jpg,round
케이트켈리 6033 C3,45000,케이트켈리,https://www.top50glasses.com/shop/goods/store.php?category=10&pc=knk_6033_C3,img504.jpg,round
케이트켈리 6033 C2,45000,케이트켈리,https://www.top50glasses.com/shop/goods/store.php?category=10&pc=knk_6033_C2,img505.jpg,round
케이트켈리 6033 C1,45000,케이트켈리,https://www.top50glasses.com/shop/goods/store.php?category=10&pc=knk_6033_C1,img506.jpg,round
케이트켈리 6032 C2,45000,케이트켈리,https://www.top50glasses.com/shop/goods/store.php?category=10&pc=knk_6032_C2,img507.jpg,round
케이트켈리 6026 C7,45000,케이트켈리,https://www.top50glasses.com/shop/goods/store.php?category=10&pc=knk_6026_C7,img508.jpg,half
케이트켈리 6026 C6,45000,케이트켈리,https://www.top50glasses.com/shop/goods/store.php?category=10&pc=knk_6026_C6,img509.jpg,half
,,,,,
케이트켈리 6026 C1,45000,케이트켈리,https://www.top50glasses.com/shop/goods/store.php?category=10&pc=knk_6026_C1,img511.jpg,half
케이트켈리 6025 C7,45000,케이트켈리,https://www.top50glasses.com/shop/goods/store.php?category=10&pc=knk_6025_C7,img512.jpg,half
케이트켈리 6025 C2,45000,케이트켈리,https://www.top50glasses.com/shop/goods/store.php?category=10&pc=knk_6025_C2,img513.jpg,half
케이트켈리 6032 C1,45000,케이트켈리,https://www.top50glasses.com/shop/goods/store.php?category=10&pc=knk_6032_C1,img514.jpg,round
케이트켈리 6030 C6,45000,케이트켈리,https://www.top50glasses.com/shop/goods/store.php?category=10&pc=knk_6030_C6,img515.jpg,square
케이트켈리 6030 C2,45000,케이트켈리,https://www.top50glasses.com/shop/goods/store.php?category=10&pc=knk_6030_C2,img516.jpg,square
케이트켈리 6030 C1,45000,케이트켈리,https://www.top50glasses.com/shop/goods/store.php?category=10&pc=knk_6030_C1,img517.jpg,square
케이트켈리 6025 C1,45000,케이트켈리,https://www.top50glasses.com/shop/goods/store.php?category=10&pc=knk_6025_C1,img518.jpg,half
케이트켈리 6029 C7,45000,케이트켈리,https://www.top50glasses.com/shop/goods/store.php?category=10&pc=knk_6029_C7,img519.jpg,round
,,,,,
케이트켈리 6029 C3,45000,케이트켈리,https://www.top50glasses.com/shop/goods/store.php?category=10&pc=knk_6029_C3,img521.jpg,round
케이트켈리 6029 C2,45000,케이트켈리,https://www.top50glasses.com/shop/goods/store.php?category=10&pc=knk_6029_C2,img522.jpg,round
케이트켈리 6029 C1,45000,케이트켈리,https://www.top50glasses.com/shop/goods/store.php?category=10&pc=knk_6029_C1,img523.jpg,round
케이트켈리 6026 C2,45000,케이트켈리,https://www.top50glasses.com/shop/goods/store.php?category=10&pc=knk_6026_C2,img524.jpg,half
케이트켈리 6018 C7,45000,케이트켈리,https://www.top50glasses.com/shop/goods/store.php?category=10&pc=knk_6018_C7,img525.jpg,half
케이트켈리 6018 C2,45000,케이트켈리,https://www.top50glasses.com/shop/goods/store.php?category=10&pc=knk_6018_C2,img526.jpg,half
케이트켈리 6018 C1,45000,케이트켈리,https://www.top50glasses.com/shop/goods/store.php?category=10&pc=knk_6018_C1,img527.jpg,half
케이트켈리 6017 C7,45000,케이트켈리,https://www.top50glasses.com/shop/goods/store.php?category=10&pc=knk_6017_C7,img528.jpg,half
케이트켈리 6017 C6,45000,케이트켈리,https://www.top50glasses.com/shop/goods/store.php?category=10&pc=knk_6017_C6,img529.jpg,half
,,,,,
케이트켈리 6020 C6,45000,케이트켈리,https://www.top50glasses.com/shop/goods/store.php?category=10&pc=knk_6020_C6,img531.jpg,square
케이트켈리 6020 C2,45000,케이트켈리,https://www.top50glasses.com/shop/goods/store.php?category=10&pc=knk_6020_C2,img532.jpg,square
케이트켈리 6020 C1,45000,케이트켈리,https://www.top50glasses.com/shop/goods/store.php?category=10&pc=knk_6020_C1,img533.jpg,square
케이트켈리 6017 C2,45000,케이트켈리,https://www.top50glasses.com/shop/goods/store.php?category=10&pc=knk_6017_C2,img534.jpg,half
케이트켈리 6017 C1,45000,케이트켈리,https://www.top50glasses.com/shop/goods/store.php?category=10&pc=knk_6017_C1,img535.jpg,half
케이트켈리 6016 C8,45000,케이트켈리,https://www.top50glasses.com/shop/goods/store.php?category=10&pc=knk_6016_C8,img536.jpg,round
케이트켈리 6016 C7,45000,케이트켈리,https://www.top50glasses.com/shop/goods/store.php?category=10&pc=knk_6016_C7,img537.jpg,round
케이트켈리 6016 C4,45000,케이트켈리,https://www.top50glasses.com/shop/goods/store.php?category=10&pc=knk_6016_C4,img538.jpg,round
케이트켈리 6016 C3,45000,케이트켈리,https://www.top50glasses.com/shop/goods/store.php?category=10&pc=knk_6016_C3,img539.jpg,round
,,,,,
케이트켈리 6016 C2,45000,케이트켈리,https://www.top50glasses.com/shop/goods/store.php?category=10&pc=knk_6016_C2,img541.jpg,round
,,,,,
케이트켈리 6008 C8,45000,케이트켈리,https://www.top50glasses.com/shop/goods/store.php?category=10&pc=knk_6008_C8,img543.jpg,round
케이트켈리 6008 C7,45000,케이트켈리,https://www.top50glasses.com/shop/goods/store.php?category=10&pc=knk_6008_C7,img544.jpg,round
케이트켈리 6008 C4,45000,케이트켈리,https://www.top50glasses.com/shop/goods/store.php?category=10&pc=knk_6008_C4,img545.jpg,round
케이트켈리 6008 C3,45000,케이트켈리,https://www.top50glasses.com/shop/goods/store.php?category=10&pc=knk_6008_C3,img546.jpg,round
케이트켈리 6008 C2,45000,케이트켈리,https://www.top50glasses.com/shop/goods/store.php?category=10&pc=knk_6008_C2,img547.jpg,round
케이트켈리 6008 C1,45000,케이트켈리,https://www.top50glasses.com/shop/goods/store.php?category=10&pc=knk_6008_C1,img548.jpg,round
케이트켈리 6003 C8,45000,케이트켈리,https://www.top50glasses.com/shop/goods/store.php?category=10&pc=knk_6003_C8,img549.jpg,round
,,,,,
케이트켈리 6001 C7,45000,케이트켈리,https://www.top50glasses.com/shop/goods/store.php?category=10&pc=knk_6001_C7,img551.jpg,half
케이트켈리 6001 C6,45000,케이트켈리,https://www.top50glasses.com/shop/goods/store.php?category=10&pc=knk_6001_C6,img552.jpg,half
케이트켈리 6003 C7,45000,케이트켈리,https://www.top50glasses.com/shop/goods/store.php?category=10&pc=knk_6003_C7,img553.jpg,round
케이트켈리 6003 C4,45000,케이트켈리,https://www.top50glasses.com/shop/goods/store.php?category=10&pc=knk_6003_C4,img554.jpg,round
,,,,,
케이트켈리 6003 C2,45000,케이트켈리,https://www.top50glasses.com/shop/goods/store.php?category=10&pc=knk_6003_C2,img556.jpg,round
케이트켈리 6003 C1,45000,케이트켈리,https://www.top50glasses.com/shop/goods/store.php?category=10&pc=knk_6003_C1,img557.jpg,round
케이트켈리 6001 C2,45000,케이트켈리,https://www.top50glasses.com/shop/goods/store.php?category=10&pc=knk_6001_C2,img558.jpg,half
케이트켈리 6001 C1,45000,케이트켈리,https://www.top50glasses.com/shop/goods/store.php?category=10&pc=knk_6001_C1,img559.jpg,half
,,,,,
칵투스 메탈 5204 C6,45000,칵투스 메탈,https://www.top50glasses.com/shop/goods/store.php?category=10&pc=cactusmetal_5204_C6,img561.jpg,square
칵투스 메탈 5204 C5,45000,칵투스 메탈,https://www.top50glasses.com/shop/goods/store.php?category=10&pc=cactusmetal_5204_C5,img562.jpg,square
칵투스 메탈 5204 C4,45000,칵투스 메탈,https://www.top50glasses.com/shop/goods/store.php?category=10&pc=cactusmetal_5204_C4,img563.jpg,square
칵투스 메탈 5204 C3,45000,칵투스 메탈,https://www.top50glasses.com/shop/goods/store.php?category=10&pc=cactusmetal_5204_C3,img564.jpg,square
칵투스 메탈 5204 C2,45000,칵투스 메탈,https://www.top50glasses.com/shop/goods/store.php?category=10&pc=cactusmetal_5204_C2,img565.jpg,square
칵투스 메탈 5203 C6,45000,칵투스 메탈,https://www.top50glasses.com/shop/goods/store.php?category=10&pc=cactusmetal_5203_C6,img566.jpg,round
칵투스 메탈 5203 C5,45000,칵투스 메탈,https://www.top50glasses.com/shop/goods/store.php?category=10&pc=cactusmetal_5203_C5,img567.jpg,round
칵투스 메탈 5203 C4,45000,칵투스 메탈,https://www.top50glasses.com/shop/goods/store.php?category=10&pc=cactusmetal_5203_C4,img568.jpg,round
칵투스 메탈 5203 C3,45000,칵투스 메탈,https://www.top50glasses.com/shop/goods/store.php?category=10&pc=cactusmetal_5203_C3,img569.jpg,round
,,,,,
칵투스 메탈 5203 C2,45000,칵투스 메탈,https://www.top50glasses.com/shop/goods/store.php?category=10&pc=cactusmetal_5203_C2,img571.jpg,round
칵투스 메탈 5202 C6,45000,칵투스 메탈,https://www.top50glasses.com/shop/goods/store.php?category=10&pc=cactusmetal_5202_C6,img572.jpg,round
칵투스 메탈 5202 C5,45000,칵투스 메탈,https://www.top50glasses.com/shop/goods/store.php?category=10&pc=cactusmetal_5202_C5,img573.jpg,round
칵투스 메탈 5202 C4,45000,칵투스 메탈,https://www.top50glasses.com/shop/goods/store.php?category=10&pc=cactusmetal_5202_C4,img574.jpg,round
칵투스 메탈 5202 C3,45000,칵투스 메탈,https://www.top50glasses.com/shop/goods/store.php?category=10&pc=cactusmetal_5202_C3,img575.jpg,round
칵투스 메탈 5202 C2,45000,칵투스 메탈,https://www.top50glasses.com/shop/goods/store.php?category=10&pc=cactusmetal_5202_C2,img576.jpg,round
칵투스 메탈 5201 C6,45000,칵투스 메탈,https://www.top50glasses.com/shop/goods/store.php?category=10&pc=cactusmetal_5201_C6,img577.jpg,round
칵투스 메탈 5201 C5,45000,칵투스 메탈,https://www.top50glasses.com/shop/goods/store.php?category=10&pc=cactusmetal_5201_C5,img578.jpg,round
칵투스 메탈 5201 C4,45000,칵투스 메탈,https://www.top50glasses.com/shop/goods/store.php?category=10&pc=cactusmetal_5201_C4,img579.jpg,round
,,,,,
칵투스 메탈 5201 C3,45000,칵투스 메탈,https://www.top50glasses.com/shop/goods/store.php?category=10&pc=cactusmetal_5201_C3,img581.jpg,round
칵투스 메탈 5201 C2,45000,칵투스 메탈,https://www.top50glasses.com/shop/goods/store.php?category=10&pc=cactusmetal_5201_C2,img582.jpg,round
칵투스 항균테 505 C5,39000,칵투스 항균테,https://www.top50glasses.com/shop/goods/store.php?category=10&pc=cactusanti_505_C5,img583.jpg,round
칵투스 항균테 505 C2,39000,칵투스 항균테,https://www.top50glasses.com/shop/goods/store.php?category=10&pc=cactusanti_505_C2,img584.jpg,round
칵투스 항균테 505 C1,39000,칵투스 항균테,https://www.top50glasses.com/shop/goods/store.php?category=10&pc=cactusanti_505_C1,img585.jpg,round
칵투스 항균테 504 C5,39000,칵투스 항균테,https://www.top50glasses.com/shop/goods/store.php?category=10&pc=cactusanti_504_C5,img586.jpg,round
칵투스 항균테 505 C4,39000,칵투스 항균테,https://www.top50glasses.com/shop/goods/store.php?category=10&pc=cactusanti_505_C4,img587.jpg,round
칵투스 항균테 505 C3,39000,칵투스 항균테,https://www.top50glasses.com/shop/goods/store.php?category=10&pc=cactusanti_505_C3,img588.jpg,round
칵투스 항균테 504 C4,39000,칵투스 항균테,https://www.top50glasses.com/shop/goods/store.php?category=10&pc=cactusanti_504_C4,img589.jpg,round
,,,,,
칵투스 항균테 504 C3,39000,칵투스 항균테,https://www.top50glasses.com/shop/goods/store.php?category=10&pc=cactusanti_504_C3,img591.jpg,round
칵투스 항균테 504 C2,39000,칵투스 항균테,https://www.top50glasses.com/shop/goods/store.php?category=10&pc=cactusanti_504_C2,img592.jpg,round
칵투스 항균테 504 C1,39000,칵투스 항균테,https://www.top50glasses.com/shop/goods/store.php?category=10&pc=cactusanti_504_C1,img593.jpg,round
칵투스 항균테 503 C5,39000,칵투스 항균테,https://www.top50glasses.com/shop/goods/store.php?category=10&pc=cactusanti_503_C5,img594.jpg,square
칵투스 항균테 503 C3,39000,칵투스 항균테,https://www.top50glasses.com/shop/goods/store.php?category=10&pc=cactusanti_503_C3,img595.jpg,square
칵투스 항균테 503 C2,39000,칵투스 항균테,https://www.top50glasses.com/shop/goods/store.php?category=10&pc=cactusanti_503_C2,img596.jpg,square
칵투스 항균테 503 C4,39000,칵투스 항균테,https://www.top50glasses.com/shop/goods/store.php?category=10&pc=cactusanti_503_C4,img597.jpg,square
칵투스 항균테 503 C1,39000,칵투스 항균테,https://www.top50glasses.com/shop/goods/store.php?category=10&pc=cactusanti_503_C1,img598.jpg,square
칵투스 항균테 502 C5,39000,칵투스 항균테,https://www.top50glasses.com/shop/goods/store.php?category=10&pc=cactusanti_502_C5,img599.jpg,round
,,,,,
칵투스 항균테 502 C4,39000,칵투스 항균테,https://www.top50glasses.com/shop/goods/store.php?category=10&pc=cactusanti_502_C4,img601.jpg,round
칵투스 항균테 502 C3,39000,칵투스 항균테,https://www.top50glasses.com/shop/goods/store.php?category=10&pc=cactusanti_502_C3,img602.jpg,round
칵투스 항균테 502 C2,39000,칵투스 항균테,https://www.top50glasses.com/shop/goods/store.php?category=10&pc=cactusanti_502_C2,img603.jpg,round
칵투스 항균테 502 C1,39000,칵투스 항균테,https://www.top50glasses.com/shop/goods/store.php?category=10&pc=cactusanti_502_C1,img604.jpg,round
칵투스 항균테 501 C5,39000,칵투스 항균테,https://www.top50glasses.com/shop/goods/store.php?category=10&pc=cactusanti_501_C5,img605.jpg,round
칵투스 항균테 501 C4,39000,칵투스 항균테,https://www.top50glasses.com/shop/goods/store.php?category=10&pc=cactusanti_501_C4,img606.jpg,round
칵투스 항균테 501 C3,39000,칵투스 항균테,https://www.top50glasses.com/shop/goods/store.php?category=10&pc=cactusanti_501_C3,img607.jpg,round
칵투스 항균테 501 C2,39000,칵투스 항균테,https://www.top50glasses.com/shop/goods/store.php?category=10&pc=cactusanti_501_C2,img608.jpg,round
칵투스 항균테 501 C1,39000,칵투스 항균테,https://www.top50glasses.com/shop/goods/store.php?category=10&pc=cactusanti_501_C1,img609.jpg,round
,,,,,
에일라 울템 1020 C5,33000,에일라 울템,https://www.top50glasses.com/shop/goods/store.php?category=10&pc=alaeyeu_1020_C5,img611.jpg,square
에일라 울템 1020 C4,33000,에일라 울템,https://www.top50glasses.com/shop/goods/store.php?category=10&pc=alaeyeu_1020_C4,img612.jpg,square
에일라 울템 1020 C2,33000,에일라 울템,https://www.top50glasses.com/shop/goods/store.php?category=10&pc=alaeyeu_1020_C2,img613.jpg,square
에일라 울템 1020 C1,33000,에일라 울템,https://www.top50glasses.com/shop/goods/store.php?category=10&pc=alaeyeu_1020_C1,img614.jpg,square
에일라 울템 1019 C4,33000,에일라 울템,https://www.top50glasses.com/shop/goods/store.php?category=10&pc=alaeyeu_1019_C4,img615.jpg,round
에일라 울템 1019 C3,33000,에일라 울템,https://www.top50glasses.com/shop/goods/store.php?category=10&pc=alaeyeu_1019_C3,img616.jpg,round
에일라 울템 1019 C2,33000,에일라 울템,https://www.top50glasses.com/shop/goods/store.php?category=10&pc=alaeyeu_1019_C2,img617.jpg,round
에일라 울템 1019 C1,33000,에일라 울템,https://www.top50glasses.com/shop/goods/store.php?category=10&pc=alaeyeu_1019_C1,img618.jpg,round
에일라 울템 1018 C4,33000,에일라 울템,https://www.top50glasses.com/shop/goods/store.php?category=10&pc=alaeyeu_1018_C4,img619.jpg,round
,,,,,
에일라 울템 1018 C3,33000,에일라 울템,https://www.top50glasses.com/shop/goods/store.php?category=10&pc=alaeyeu_1018_C3,img621.jpg,round
에일라 울템 1018 C2,33000,에일라 울템,https://www.top50glasses.com/shop/goods/store.php?category=10&pc=alaeyeu_1018_C2,img622.jpg,round
에일라 울템 1018 C1,33000,에일라 울템,https://www.top50glasses.com/shop/goods/store.php?category=10&pc=alaeyeu_1018_C1,img623.jpg,round
에일라 울템 1015 C5,33000,에일라 울템,https://www.top50glasses.com/shop/goods/store.php?category=10&pc=alaeyeu_1015_C5,img624.jpg,square
에일라 울템 1015 C4,33000,에일라 울템,https://www.top50glasses.com/shop/goods/store.php?category=10&pc=alaeyeu_1015_C4,img625.jpg,square
에일라 울템 1015 C2,33000,에일라 울템,https://www.top50glasses.com/shop/goods/store.php?category=10&pc=alaeyeu_1015_C2,img626.jpg,square
에일라 울템 1015 C1,33000,에일라 울템,https://www.top50glasses.com/shop/goods/store.php?category=10&pc=alaeyeu_1015_C1,img627.jpg,square
에일라 울템 1014 C5,33000,에일라 울템,https://www.top50glasses.com/shop/goods/store.php?category=10&pc=alaeyeu_1014_C5,img628.jpg,square
에일라 울템 1014 C4,33000,에일라 울템,https://www.top50glasses.com/shop/goods/store.php?category=10&pc=alaeyeu_1014_C4,img629.jpg,square
,,,,,
에일라 울템 1014 C2,33000,에일라 울템,https://www.top50glasses.com/shop/goods/store.php?category=10&pc=alaeyeu_1014_C2,img631.jpg,square
에일라 울템 1014 C1,33000,에일라 울템,https://www.top50glasses.com/shop/goods/store.php?category=10&pc=alaeyeu_1014_C1,img632.jpg,square
에일라 울템 1013 C7,33000,에일라 울템,https://www.top50glasses.com/shop/goods/store.php?category=10&pc=alaeyeu_1013_C7,img633.jpg,round
에일라 울템 1013 C3,33000,에일라 울템,https://www.top50glasses.com/shop/goods/store.php?category=10&pc=alaeyeu_1013_C3,img634.jpg,round
에일라 울템 1013 C2,33000,에일라 울템,https://www.top50glasses.com/shop/goods/store.php?category=10&pc=alaeyeu_1013_C2,img635.jpg,round
에일라 울템 1013 C1,33000,에일라 울템,https://www.top50glasses.com/shop/goods/store.php?category=10&pc=alaeyeu_1013_C1,img636.jpg,round
에일라 울템 1009 C6,33000,에일라 울템,https://www.top50glasses.com/shop/goods/store.php?category=10&pc=alaeyeu_1009_C6,img637.jpg,round
에일라 울템 1009 C3,33000,에일라 울템,https://www.top50glasses.com/shop/goods/store.php?category=10&pc=alaeyeu_1009_C3,img638.jpg,round
에일라 울템 1009 C2,33000,에일라 울템,https://www.top50glasses.com/shop/goods/store.php?category=10&pc=alaeyeu_1009_C2,img639.jpg,round
,,,,,
에일라 울템 1009 C1,33000,에일라 울템,https://www.top50glasses.com/shop/goods/store.php?category=10&pc=alaeyeu_1009_C1,img641.jpg,round
에일라 울템 1008 C5,33000,에일라 울템,https://www.top50glasses.com/shop/goods/store.php?category=10&pc=alaeyeu_1008_C5,img642.jpg,wellington
에일라 울템 1008 C4,33000,에일라 울템,https://www.top50glasses.com/shop/goods/store.php?category=10&pc=alaeyeu_1008_C4,img643.jpg,wellington
에일라 울템 1008 C2,33000,에일라 울템,https://www.top50glasses.com/shop/goods/store.php?category=10&pc=alaeyeu_1008_C2,img644.jpg,wellington
에일라 울템 1008 C1,33000,에일라 울템,https://www.top50glasses.com/shop/goods/store.php?category=10&pc=alaeyeu_1008_C1,img645.jpg,wellington
에일라 울템 1007 C5,33000,에일라 울템,https://www.top50glasses.com/shop/goods/store.php?category=10&pc=alaeyeu_1007_C5,img646.jpg,wellington
에일라 울템 1007 C4,33000,에일라 울템,https://www.top50glasses.com/shop/goods/store.php?category=10&pc=alaeyeu_1007_C4,img647.jpg,wellington
에일라 울템 1007 C2,33000,에일라 울템,https://www.top50glasses.com/shop/goods/store.php?category=10&pc=alaeyeu_1007_C2,img648.jpg,wellington
에일라 울템 1007 C1,33000,에일라 울템,https://www.top50glasses.com/shop/goods/store.php?category=10&pc=alaeyeu_1007_C1,img649.jpg,wellington
,,,,,
에일라 울템 1006 C5,33000,에일라 울템,https://www.top50glasses.com/shop/goods/store.php?category=10&pc=alaeyeu_1006_C5,img651.jpg,wellington
에일라 울템 1006 C4,33000,에일라 울템,https://www.top50glasses.com/shop/goods/store.php?category=10&pc=alaeyeu_1006_C4,img652.jpg,wellington
에일라 울템 1006 C2,33000,에일라 울템,https://www.top50glasses.com/shop/goods/store.php?category=10&pc=alaeyeu_1006_C2,img653.jpg,wellington
에일라 울템 1006 C1,33000,에일라 울템,https://www.top50glasses.com/shop/goods/store.php?category=10&pc=alaeyeu_1006_C1,img654.jpg,wellington
에일라 울템 1005 C5,33000,에일라 울템,https://www.top50glasses.com/shop/goods/store.php?category=10&pc=alaeyeu_1005_C5,img655.jpg,wellington
에일라 울템 1005 C4,33000,에일라 울템,https://www.top50glasses.com/shop/goods/store.php?category=10&pc=alaeyeu_1005_C4,img656.jpg,wellington
에일라 울템 1005 C2,33000,에일라 울템,https://www.top50glasses.com/shop/goods/store.php?category=10&pc=alaeyeu_1005_C2,img657.jpg,wellington
에일라 울템 1005 C1,33000,에일라 울템,https://www.top50glasses.com/shop/goods/store.php?category=10&pc=alaeyeu_1005_C1,img658.jpg,wellington
에일라 울템 1003 C5,33000,에일라 울템,https://www.top50glasses.com/shop/goods/store.php?category=10&pc=alaeyeu_1003_C5,img659.jpg,wellington
,,,,,
에일라 울템 1002 C4,33000,에일라 울템,https://www.top50glasses.com/shop/goods/store.php?category=10&pc=alaeyeu_1002_C4,img661.jpg,round
에일라 울템 1002 C3,33000,에일라 울템,https://www.top50glasses.com/shop/goods/store.php?category=10&pc=alaeyeu_1002_C3,img662.jpg,round
에일라 울템 1002 C2,33000,에일라 울템,https://www.top50glasses.com/shop/goods/store.php?category=10&pc=alaeyeu_1002_C2,img663.jpg,round
에일라 울템 1003 C4,33000,에일라 울템,https://www.top50glasses.com/shop/goods/store.php?category=10&pc=alaeyeu_1003_C4,img664.jpg,wellington
에일라 울템 1003 C2,33000,에일라 울템,https://www.top50glasses.com/shop/goods/store.php?category=10&pc=alaeyeu_1003_C2,img665.jpg,wellington
에일라 울템 1003 C1,33000,에일라 울템,https://www.top50glasses.com/shop/goods/store.php?category=10&pc=alaeyeu_1003_C1,img666.jpg,wellington
에일라 울템 1002 C1,33000,에일라 울템,https://www.top50glasses.com/shop/goods/store.php?category=10&pc=alaeyeu_1002_C1,img667.jpg,round
에일라 울템 1001 C4,33000,에일라 울템,https://www.top50glasses.com/shop/goods/store.php?category=10&pc=alaeyeu_1001_C4,img668.jpg,round
에일라 울템 1001 C3,33000,에일라 울템,https://www.top50glasses.com/shop/goods/store.php?category=10&pc=alaeyeu_1001_C3,img669.jpg,round
,,,,,
에일라 울템 1001 C2,33000,에일라 울템,https://www.top50glasses.com/shop/goods/store.php?category=10&pc=alaeyeu_1001_C2,img671.jpg,round
에일라 울템 1001 C1,33000,에일라 울템,https://www.top50glasses.com/shop/goods/store.php?category=10&pc=alaeyeu_1001_C1,img672.jpg,round